classifier,acc_raw_clean,acc_raw_att,acc_acra_att
lr,0.9436008676789588,0.8286334056399133,0.6203904555314533
