classifier,acc_raw_clean,acc_raw_att,acc_acra_att
nn,0.9544468546637744,0.6594360086767896,0.8221258134490239
svm,0.9544468546637744,0.6594360086767896,0.8221258134490239
lr,0.9544468546637744,0.6594360086767896,0.8221258134490239
rf,0.9544468546637744,0.6594360086767896,0.8221258134490239
