classifier,acc_raw_clean,acc_raw_att,acc_acra_att
nn,0.9436008676789588,0.6746203904555315,0.8026030368763557
svm,0.9436008676789588,0.6746203904555315,0.8026030368763557
lr,0.9436008676789588,0.6746203904555315,0.8026030368763557
rf,0.9436008676789588,0.6746203904555315,0.8026030368763557
