classifier,acc_raw_clean,acc_raw_att,acc_acra_att
nn,0.9457700650759219,0.6854663774403471,0.8308026030368764
svm,0.9457700650759219,0.6854663774403471,0.8308026030368764
lr,0.9457700650759219,0.6854663774403471,0.8308026030368764
rf,0.9457700650759219,0.6854663774403471,0.8308026030368764
