classifier,acc_raw_clean,acc_raw_att,acc_acra_att
nn,0.9392624728850325,0.6724511930585684,0.8091106290672451
svm,0.9392624728850325,0.6724511930585684,0.8091106290672451
lr,0.9392624728850325,0.6724511930585684,0.8091106290672451
rf,0.9392624728850325,0.6724511930585684,0.8091106290672451
