classifier,acc_raw_clean,acc_raw_att,acc_acra_att
nn,0.9436008676789588,0.6572668112798264,0.7982646420824295
svm,0.9436008676789588,0.6572668112798264,0.7982646420824295
lr,0.9436008676789588,0.6572668112798264,0.7982646420824295
rf,0.9436008676789588,0.6572668112798264,0.7982646420824295
