classifier,acc_raw_clean,acc_raw_att,acc_acra_att
nn,0.9414316702819957,0.6507592190889371,0.8329718004338394
svm,0.9414316702819957,0.6507592190889371,0.8329718004338394
lr,0.9414316702819957,0.6507592190889371,0.8329718004338394
rf,0.9414316702819957,0.6507592190889371,0.8329718004338394
