classifier,acc_raw_clean,acc_raw_att,acc_acra_att
nn,0.9479392624728851,0.6789587852494577,0.8438177874186551
svm,0.9479392624728851,0.6789587852494577,0.8438177874186551
lr,0.9479392624728851,0.6789587852494577,0.8438177874186551
rf,0.9479392624728851,0.6789587852494577,0.8438177874186551
