classifier,acc_raw_clean,acc_raw_att,acc_acra_att
nn,0.9327548806941431,0.6247288503253796,0.7982646420824295
svm,0.9327548806941431,0.6247288503253796,0.7982646420824295
lr,0.9327548806941431,0.6247288503253796,0.7982646420824295
rf,0.9327548806941431,0.6247288503253796,0.7982646420824295
