classifier,acc_raw_clean,acc_raw_att,acc_acra_att
nn,0.9544468546637744,0.6572668112798264,0.824295010845987
svm,0.9544468546637744,0.6572668112798264,0.824295010845987
lr,0.9544468546637744,0.6572668112798264,0.824295010845987
rf,0.9544468546637744,0.6572668112798264,0.824295010845987
