classifier,acc_raw_clean,acc_raw_att,acc_acra_att
nn,0.9566160520607375,0.6724511930585684,0.841648590021692
svm,0.9566160520607375,0.6724511930585684,0.841648590021692
lr,0.9566160520607375,0.6724511930585684,0.841648590021692
rf,0.9566160520607375,0.6724511930585684,0.841648590021692
