classifier,acc_raw_clean,acc_raw_att,acc_acra_att
nb,0.8763557483731019,0.7982646420824295,0.9154013015184381
