n_samples,acc_raw_clean,acc_raw_att,acc_acra_att
1,0.6759776536312849,0.5139664804469274,0.5139664804469274
5,0.6759776536312849,0.5139664804469274,0.5418994413407822
10,0.6759776536312849,0.5139664804469274,0.5418994413407822
20,0.6759776536312849,0.5139664804469274,0.553072625698324
50,0.6759776536312849,0.5139664804469274,0.5418994413407822
100,0.6759776536312849,0.5139664804469274,0.547486033519553
150,0.6759776536312849,0.5139664804469274,0.5418994413407822
