n_samples,acc_raw_clean,acc_raw_att,acc_acra_att
1,0.6480446927374302,0.4748603351955307,0.5307262569832403
5,0.6480446927374302,0.4748603351955307,0.6145251396648045
10,0.6480446927374302,0.4748603351955307,0.5865921787709497
20,0.6480446927374302,0.4748603351955307,0.6033519553072626
50,0.6480446927374302,0.4748603351955307,0.5921787709497207
100,0.6480446927374302,0.4748603351955307,0.6033519553072626
150,0.6480446927374302,0.4748603351955307,0.6033519553072626
