n_samples,acc_raw_clean,acc_raw_att,acc_acra_att
1,0.6927374301675978,0.5195530726256983,0.5698324022346368
5,0.6927374301675978,0.5195530726256983,0.6368715083798883
10,0.6927374301675978,0.5195530726256983,0.6312849162011173
20,0.6927374301675978,0.5195530726256983,0.6312849162011173
50,0.6927374301675978,0.5195530726256983,0.6480446927374302
100,0.6927374301675978,0.5195530726256983,0.6424581005586593
150,0.6927374301675978,0.5195530726256983,0.6368715083798883
