n_samples,acc_raw_clean,acc_raw_att,acc_acra_att
1,0.659217877094972,0.4860335195530726,0.5418994413407822
5,0.659217877094972,0.4860335195530726,0.6089385474860335
10,0.659217877094972,0.4860335195530726,0.6145251396648045
20,0.659217877094972,0.4860335195530726,0.6089385474860335
50,0.659217877094972,0.4860335195530726,0.6089385474860335
100,0.659217877094972,0.4860335195530726,0.6089385474860335
150,0.659217877094972,0.4860335195530726,0.6145251396648045
