n_samples,acc_raw_clean,acc_raw_att,acc_acra_att
1,0.7039106145251397,0.5251396648044693,0.6368715083798883
5,0.7039106145251397,0.5251396648044693,0.659217877094972
10,0.7039106145251397,0.5251396648044693,0.659217877094972
20,0.7039106145251397,0.5251396648044693,0.659217877094972
50,0.7039106145251397,0.5251396648044693,0.6480446927374302
100,0.7039106145251397,0.5251396648044693,0.664804469273743
150,0.7039106145251397,0.5251396648044693,0.664804469273743
