n_samples,acc_raw_clean,acc_raw_att,acc_acra_att
1,0.7318435754189944,0.5754189944134078,0.5642458100558659
5,0.7318435754189944,0.5754189944134078,0.6201117318435754
10,0.7318435754189944,0.5754189944134078,0.5921787709497207
20,0.7318435754189944,0.5754189944134078,0.5865921787709497
50,0.7318435754189944,0.5754189944134078,0.5977653631284916
100,0.7318435754189944,0.5754189944134078,0.6033519553072626
150,0.7318435754189944,0.5754189944134078,0.6033519553072626
