n_samples,acc_raw_clean,acc_raw_att,acc_acra_att
1,0.6703910614525139,0.5083798882681564,0.5865921787709497
5,0.6703910614525139,0.5083798882681564,0.6256983240223464
10,0.6703910614525139,0.5083798882681564,0.6089385474860335
20,0.6703910614525139,0.5083798882681564,0.6089385474860335
50,0.6703910614525139,0.5083798882681564,0.6145251396648045
100,0.6703910614525139,0.5083798882681564,0.6089385474860335
150,0.6703910614525139,0.5083798882681564,0.5977653631284916
