n_samples,acc_raw_clean,acc_raw_att,acc_acra_att
1,0.6424581005586593,0.547486033519553,0.5418994413407822
5,0.6424581005586593,0.547486033519553,0.5586592178770949
10,0.6424581005586593,0.547486033519553,0.5586592178770949
20,0.6424581005586593,0.547486033519553,0.5865921787709497
50,0.6424581005586593,0.547486033519553,0.5698324022346368
100,0.6424581005586593,0.547486033519553,0.5754189944134078
150,0.6424581005586593,0.547486033519553,0.5754189944134078
