n_samples,acc_raw_clean,acc_raw_att,acc_acra_att
1,0.7374301675977654,0.5810055865921788,0.6145251396648045
5,0.7374301675977654,0.5865921787709497,0.6368715083798883
10,0.7374301675977654,0.5865921787709497,0.6703910614525139
20,0.7374301675977654,0.5810055865921788,0.6536312849162011
50,0.7374301675977654,0.5865921787709497,0.6424581005586593
100,0.7374301675977654,0.5810055865921788,0.6424581005586593
150,0.7374301675977654,0.5865921787709497,0.6480446927374302
