n_samples,acc_raw_clean,acc_raw_att,acc_acra_att
1,0.7430167597765364,0.5921787709497207,0.6703910614525139
5,0.7430167597765364,0.5921787709497207,0.659217877094972
10,0.7430167597765364,0.5921787709497207,0.664804469273743
20,0.7430167597765364,0.5921787709497207,0.6759776536312849
50,0.7430167597765364,0.5921787709497207,0.6815642458100558
100,0.7430167597765364,0.5921787709497207,0.6759776536312849
150,0.7430167597765364,0.5921787709497207,0.6703910614525139
